name	cost
Susan	64.05
Sudarshan	147.87
Kanishk	131.01
Aadhya	141.76000000000002
Nihal	140.83999999999997
