{
    "Aadhya": 11.559999999999999,
    "Kanishk": 5.0,
    "Nihal": 29.04,
    "Sudarshan": 22.599999999999998,
    "Susan": 25.98
}