{
    "Aadhya": 46.900000000000006,
    "Kanishk": 20.0,
    "Nihal": 25.68,
    "Sudarshan": 38.260000000000005,
    "Susan": 44.75
}