{
    "Aadhya": 336.84,
    "Kanishk": 283.77,
    "Nihal": 330.17999999999995,
    "Sudarshan": 385.84000000000003,
    "Susan": 204.76999999999987
}