name	cost
Susan	25.98
Sudarshan	22.599999999999998
Kanishk	5.0
Aadhya	11.559999999999999
Nihal	29.04
