name	cost
Susan	204.76999999999987
Sudarshan	385.84000000000003
Kanishk	283.77
Aadhya	336.84
Nihal	330.17999999999995
