{
    "Aadhya": 134.10999999999999,
    "Kanishk": 127.75999999999999,
    "Nihal": 134.62,
    "Sudarshan": 134.63,
    "Susan": 60.07000000000001
}