name	cost
Susan	44.75
Sudarshan	38.260000000000005
Kanishk	20.0
Aadhya	46.900000000000006
Nihal	25.68
