name	cost
Susan	60.07000000000001
Sudarshan	134.63
Kanishk	127.75999999999999
Aadhya	134.10999999999999
Nihal	134.62
