{
    "Aadhya": 141.76000000000002,
    "Kanishk": 131.01,
    "Nihal": 140.83999999999997,
    "Sudarshan": 147.87,
    "Susan": 64.05
}